{
    "2023-12-20": {
        "name": "Sam Altman on Choosing Projects, Creating Value, and Finding Purpose",
        "link": "https://www.youtube.com/watch?v=uEl2KUZ3JWA&t=14s&ab_channel=YCombinator",
        "keyPoints": "Prioritize tasks that align with your goals, eliminate distractions, and embrace risks. Reflect regularly on your progress, and ensure you maintain physical health through sleep, exercise, and nutrition to support mental acuity and productivity, setting a foundation for continual, incremental growth."
    },
    "2023-12-21": {
        "name": "Sam Altman on Choosing Projects, Creating Value, and Finding Purpose",
        "link": "https://www.youtube.com/watch?v=uEl2KUZ3JWA&t=14s&ab_channel=YCombinator",
        "keyPoints": "Prioritize tasks that align with your goals, eliminate distractions, and embrace risks. Reflect regularly on your progress, and ensure you maintain physical health through sleep, exercise, and nutrition to support mental acuity and productivity, setting a foundation for continual, incremental growth."
    },
    "2023-12-22": {
        "name": "Sam Altman on Choosing Projects, Creating Value, and Finding Purpose",
        "link": "https://www.youtube.com/watch?v=uEl2KUZ3JWA&t=14s&ab_channel=YCombinator",
        "keyPoints": "Prioritize tasks that align with your goals, eliminate distractions, and embrace risks. Reflect regularly on your progress, and ensure you maintain physical health through sleep, exercise, and nutrition to support mental acuity and productivity, setting a foundation for continual, incremental growth."
    },
    "2023-12-23": {
        "name": "Climate Change Debate: Bjørn Lomborg and Andrew Revkin | Lex Fridman Podcast #339",
        "link": "https://www.youtube.com/watch?v=5Gk9gIpGvSE",
        "keyPoints": "Bjørn Lomborg and Andrew Revkin have different perspectives on climate change. Lomborg believes the effects are not as severe as some models predict, citing studies that show the Earth is warming at an alarming rate, but not as severely as some models predict. He also believes the money spent on mitigation could be better spent on other pressing issues, such as poverty and disease. Revkin, on the other hand, believes climate change is a serious problem that is already having a significant impact on the planet, citing studies that show the Earth is warming at an alarming rate and that this warming is causing more extreme weather events, rising sea levels, and melting glaciers. He also believes the costs of inaction on climate change will be much higher than the costs of taking action."
    },
    "2023-12-24": {
        "name": "Marc Andreessen: Future of the Internet, Technology, and AI | Lex Fridman Podcast #386",
        "link": "https://www.youtube.com/watch?v=-hxeDjAxvJ8&ab_channel=LexFridman",
        "keyPoints": "Embrace conviction in your unique vision, often disregarding conventional advice, and channel passion and courage into formulating a robust idea for entrepreneurial success."
    },
    "2023-12-25": {
        "name": "Stewart Butterfield, Cofounder and CEO of Slack",
        "link": "https://www.youtube.com/watch?v=EhxX06-LsZs&ab_channel=StanfordGraduateSchoolofBusiness",
        "keyPoints": "Embrace Stewart Butterfield's approach of innovation and adaptability in tech. He underscores effective leadership and team collaboration as key to overcoming entrepreneurial challenges. Insights on Slack's evolution illustrate the value of aligning vision with market needs and resilience in adversity, guiding progressive success in the tech landscape"
    },
    "2023-12-26": {
        "name": "Understanding Power, Corruption, Politics, AI, Religion, Tribalism & Free Speech | Sam Harris",
        "link": "https://www.youtube.com/watch?v=6KJhM7Pg5EA&ab_channel=TomBilyeu",
        "keyPoints": "Sam Harris and Tom B delves into the complexities of cultural and societal challenges, particularly highlighting the impact of significant events like COVID-19 and political turmoil on the public's sense-making abilities. They discuss the necessity of addressing the rise of misinformation and the importance of building a robust consensus in a fragmented society. This conversation underscores the value of critical thinking and informed discourse in navigating complex social and political landscapes."
    },
    "2023-12-27": {
        "name": "James Clear on Getting 1% Better Daily With Stoicism",
        "link": "https://www.youtube.com/watch?v=0QKd-ulbH5E&list=PL830tyaBUx1r4kk-W0KY106Pxylwup4lm&ab_channel=DailyStoic",
        "keyPoints": "You must adopt a mindset of limitless ambition and thinking big. The key is to envision a 'magical outcome' and then strategically work backwards to make it a reality. This approach involves setting ambitious goals, breaking them down into achievable steps, and consistently working towards them. By focusing on the end goal and reverse-engineering the path to get there, one can make incremental progress each day towards achieving significant, transformative changes."
    },
    "2023-12-28": {
        "name": "Science of Muscle Growth, Increasing Strength & Muscular Recovery | Huberman Lab Podcast #22",
        "link": "https://www.youtube.com/watch?v=XLr2RKoD-oY&ab_channel=AndrewHuberman",
        "keyPoints": "Incorporate scientific insights into your fitness regime as suggested by Andrew Huberman. This includes understanding the neurobiological underpinnings of physical exercise, how different types of workouts impact the brain, and using this knowledge to optimize your fitness routine. Embrace methods that align with your body's natural processes and responses, ensuring a more effective and sustainable approach to health and fitness."
    },
    "2023-12-29": {
        "name": "David Goggins - How To Master Your Life (4K) | Modern Wisdom Podcast 577",
        "link": "https://www.youtube.com/watch?v=ngvOyccUzzY&ab_channel=ChrisWilliamson",
        "keyPoints": "Emphasizes the importance of mental fortitude. He advocates for building self-belief and resilience to withstand life's challenges. Goggins suggests that understanding and embracing one's true identity is crucial for developing an unshakeable mindset. This approach involves facing weaknesses head-on and transforming them into strengths, thereby enabling continuous personal growth and the ability to overcome adversities."
    },
    "2023-12-30": {
        "name": "All-In Summit: Stephen Wolfram on computation, AI, and the nature of the universe",
        "link": "https://www.youtube.com/watch?v=2cQmQIYNI5M&ab_channel=All-InPodcast",
        "keyPoints": "The interview with Stephen Wolfram in the podcast suggests embracing creative and analytical thinking. Wolfram emphasizes the importance of leveraging computational tools for problem-solving and decision-making. He advocates for a systematic approach to challenges, combining innovative thinking with structured methodologies. This mindset enables continuous learning, adaptability, and the development of robust solutions to complex problems, fostering incremental self-improvement."
    },
    "2023-12-31": {
        "name": "Charlie Munger - Only ever podcast done by the Berkshire Hathaway Guru",
        "link": "https://www.youtube.com/watch?v=w6qRb171cog&ab_channel=Acquired",
        "keyPoints": "This emphasizes the significance of critical thinking and informed decision-making in various aspects of life. The discussion revolves around analyzing situations thoroughly, making decisions based on a combination of intuition and factual data, and staying open to learning and adapting. This approach fosters continuous personal growth, enhancing problem-solving skills and decision-making abilities"
    },
    "2024-01-01": {
        "name": "The Full Story of Naval Ravikant | The Angel Philosopher",
        "link": "https://www.youtube.com/watch?v=mGY2To_HW98",
        "keyPoints": "The podcast emphasizes the significance of critical thinking and informed decision-making in various aspects of life. The discussion revolves around analyzing situations thoroughly, making decisions based on a combination of intuition and factual data, and staying open to learning and adapting. This approach fosters continuous personal growth, enhancing problem-solving skills and decision-making abilities"
    },
    "2024-01-02": {
        "name": "Elon Musk: Neuralink, AI, Autopilot, and the Pale Blue Dot | Lex Fridman Podcast #49",
        "link": "https://www.youtube.com/watch?v=smK9dgdTl40",
        "keyPoints": "Adopt first principles thinking for innovative solutions. Prioritize continuous learning and embrace big challenges, reflecting a mindset of adaptability and resilience. Cultivate skills in engineering and design, aligning with visionary goals for impactful problem-solving and self-improvement."
    },
    "2024-01-03": {
        "name": "Jamie Foxx Interview | The Tim Ferriss Show",
        "link": "https://www.youtube.com/watch?v=YGnnEfmP8K4",
        "keyPoints": "Embrace the multifaceted insights from Jamie Foxx's interview with Tim Ferriss. Foxx shares his unique journey, blending humor, music, and profound life lessons. His approach combines resilience, adaptability, and creativity, illustrating the power of diverse experiences and perspectives for holistic self-improvement."
    },
    "2024-01-04": {
        "name": "David Sinclair, Ph.D.: Slowing aging, sirtuins, NAD, and the epigenetics of aging",
        "link": "https://www.youtube.com/watch?v=edrIEC0kJv8",
        "keyPoints": "The episode delves into optimizing performance, health, longevity, and critical thinking, drawing on experiences with top performers. It's an exploration of strategies for living a more fulfilling, high-quality life, emphasizing continuous learning and personal development."
    },
    "2024-01-05": {
        "name": "Dr. Matthew Walker: The Science & Practice of Perfecting Your Sleep | Huberman Lab Podcast #31",
        "link": "https://www.youtube.com/watch?v=gbQFSMayJxk",
        "keyPoints": "Providing actionable insights into optimizing sleep for improved health and performance. Their expert discussion on the science of sleep stages and effects of deprivation can lead to small, yet significant improvements in sleep quality, thereby enhancing overall well-being and daily functioning."
    },
    "2024-01-06": {
        "name": "How to Overcome Distractions In An Era of Social Media | Cal Newport | Ep. 503",
        "link": "https://www.youtube.com/watch?v=kCdC8jkUpOI",
        "keyPoints": "This explores strategies to manage digital distractions. He emphasizes digital minimalism, advocating for intentional use of technology, and recommends structured social media usage. Newport's approach focuses on enhancing concentration and productivity in a world saturated with digital stimuli."
    },
    "2024-01-07": {
        "name": "How to Get Rich | Naval",
        "link": "https://www.youtube.com/watch?v=1-TZqOsVCNM&t=1s",
        "keyPoints": "Naval Ravikant in this podcast advocates for creating unique value and using technology strategically to build wealth. He suggests acquiring specialized knowledge, taking risks, and thinking long-term. His approach involves accountability for outcomes and providing society with what it currently lacks, highlighting wealth creation that transcends mere financial gains or status."
    },
    "2024-01-08": {
        "name": "The Full Story of Naval Ravikant | The Angel Philosopher",
        "link": "https://www.youtube.com/watch?v=mGY2To_HW98",
        "keyPoints": "To improve by one percent daily, the podcast emphasizes the significance of critical thinking and informed decision-making in various aspects of life. The discussion revolves around analyzing situations thoroughly, making decisions based on a combination of intuition and factual data, and staying open to learning and adapting. This approach fosters continuous personal growth, enhancing problem-solving skills and decision-making abilities"
    },
    "2024-01-09": {
        "name": "The Full Story of Naval Ravikant | The Angel Philosopher",
        "link": "https://www.youtube.com/watch?v=mGY2To_HW98",
        "keyPoints": "To improve by one percent daily, the podcast emphasizes the significance of critical thinking and informed decision-making in various aspects of life. The discussion revolves around analyzing situations thoroughly, making decisions based on a combination of intuition and factual data, and staying open to learning and adapting. This approach fosters continuous personal growth, enhancing problem-solving skills and decision-making abilities"
    },
    "2024-01-10": {
        "name": "The Full Story of Naval Ravikant | The Angel Philosopher",
        "link": "https://www.youtube.com/watch?v=mGY2To_HW98",
        "keyPoints": "To improve by one percent daily, the podcast emphasizes the significance of critical thinking and informed decision-making in various aspects of life. The discussion revolves around analyzing situations thoroughly, making decisions based on a combination of intuition and factual data, and staying open to learning and adapting. This approach fosters continuous personal growth, enhancing problem-solving skills and decision-making abilities"
    }
}
