{
    "2023-06-27": {
      "name": "Matthew McConaughey: Freedom, Truth, Family, Hardship, and Love | Lex Fridman Podcast #384",
      "link": "https://www.youtube.com/watch?v=8qgIFD0PaWo&ab_channel=LexFridman",
      "image": "Podcast Image",
      "keyPoints": "Key Points"
    },
    "2023-06-28": {
        "name": "Climate Change Debate: Bjørn Lomborg and Andrew Revkin | Lex Fridman Podcast #339",
        "link": "https://www.youtube.com/watch?v=5Gk9gIpGvSE",
        "image": "Podcast Image",
        "keyPoints": "Key Points"
    },
    "2023-06-29": {
        "name": "An Honest Conversation with a Hardline Feminist - Julie Bindel | Triginometry",
        "link": "https://www.youtube.com/watch?v=hijyFreN2yk&t=1153s",
        "image": "Podcast Image",
        "keyPoints": "Key Points"
    },
    "2023-06-30": {
        "name": "FULL DEBATE: Feminist LOSES IT When told BODY COUNT MATTERS!",
        "link": "https://www.youtube.com/watch?v=E3KPHMoKenE",
        "image": "Podcast Image",
        "keyPoints": "Key Points"
    },
    "2023-07-01": {
        "name": "Religion, Politics, Free Speech | Sam Harris | ACADEMIA | Rubin Report",
        "link": "https://www.youtube.com/watch?v=zQqxlzHJrU0",
        "image": "Podcast Image",
        "keyPoints": "Key Points"
    },
    "2023-07-02": {
        "name": "What Makes Men And Women Different? - Dr Carole Hooven | Modern Wisdom Podcast 544",
        "link": "https://www.youtube.com/watch?v=_Q14k3yZ2EU",
        "image": "Podcast Image",
        "keyPoints": "Key Points"
    }
}